Microcycle,Total_Matches,Wins,Draws,Losses,Win_Rate,Points_Per_Match,Goals_For,Goals_Against,Goal_Difference,Goals_For_Per_Match,Goals_Against_Per_Match
3.0,9,3,1,5,33.33333333333333,1.1111111111111112,8.0,13.0,-5.0,0.8888888888888888,1.4444444444444444
4.0,5,2,0,3,40.0,1.2,6.0,9.0,-3.0,1.2,1.8
5.0,3,1,0,2,33.33333333333333,1.0,2.0,3.0,-1.0,0.6666666666666666,1.0
6.0,7,1,4,2,14.285714285714285,1.0,8.0,7.0,1.0,1.1428571428571428,1.0
7.0,7,3,4,0,42.857142857142854,1.8571428571428572,5.0,2.0,3.0,0.7142857142857143,0.2857142857142857
8.0,3,0,0,3,0.0,0.0,0.0,6.0,-6.0,0.0,2.0
9.0,2,0,0,2,0.0,0.0,1.0,6.0,-5.0,0.5,3.0
